<?xml version="1.0" encoding="UTF-8"?><?xml-stylesheet type="text/css" href="idempiereDocument.css"?><idempiereDocument>
    <header>LFR_PackOut_Definition Package Description</header>
    <H1>Package Name:</H1>
    <packagename>LFR_PackOut_Definition</packagename>
    <H1>Author:</H1>
    <Name:/>
    <H1>Email Address:</H1>
    <Email>nmicoud@tgi.fr</Email>
    <H1>Created:</H1>
    <Date>2025-12-09 14:53:29.0</Date>
    <H1>Updated:</H1>
    <Date>2025-12-09 14:53:29.0</Date>
    <H1>Description:</H1>
    <description>2Pack permettant de reconstituer le PackOut sur n'importe quelle base</description>
    <H1>Instructions:</H1>
    <instructions/>
    <H1>Files in Package:</H1>
    <file>File: PackOut.xml</file>
    <filedirectory>Directory: \dict\</filedirectory>
    <filenotes>Notes: Contains all application/object settings for package</filenotes>
    <H1>Client:</H1>
    <Client>0-SYSTEM-System</Client>
</idempiereDocument>
